Username,AccountBalance
IQ14285,104358/-
IQ14285,104358/-
IQ14285,104358/-
IQ14285,104358/-
IQ14285,104358/-
IQ14285,104358/-
IQ14285,104358/-
IQ14285,102858/-
IQ14319,94220/-
IQ14319,94220/-
IQ14319,94220/-
IQ14319,92904/-
IQ14313,99998/-
IQ14313,99998/-
IQ14313,99998/-
IQ14313,99998/-
IQ14313,99998/-
IQ14313,99998/-
IQ14313,99998/-
IQ14313,99998/-
IQ14313,99998/-
IQ14313,99998/-
IQ14313,99998/-
IQ14313,99998/-
IQ14313,99998/-
IQ14313,99998/-
IQ14313,99998/-
IQ14313,99998/-
IQ14313,99998/-
IQ14313,99998/-
IQ14313,99998/-
IQ14313,99998/-
IQ14313,99998/-
IQ14313,99998/-
IQ14313,99998/-
IQ14313,99998/-
IQ14313,99998/-
IQ14313,99998/-
IQ14313,99998/-
IQ14313,99998/-
IQ14313,99998/-
IQ14313,99998/-
IQ14313,99998/-
IQ14313,99998/-
IQ14313,99998/-
IQ14313,99998/-
IQ14313,99998/-
IQ14313,99998/-
IQ14313,99998/-
IQ14313,99998/-
IQ14313,99998/-
IQ14313,99998/-
IQ14313,99998/-
IQ14313,99998/-
IQ14313,99998/-
IQ14313,99998/-
IQ14313,99998/-
IQ14313,99998/-
IQ14313,99998/-
IQ14313,99998/-
IQ14313,99998/-
IQ14313,99998/-
IQ14313,99998/-
IQ14313,99998/-
IQ14313,99998/-
IQ14313,99998/-
IQ14313,99998/-
IQ14313,99998/-
IQ14313,99998/-
IQ14313,99998/-
IQ14313,99998/-
IQ14313,99998/-
IQ14313,99998/-
IQ14313,99998/-
IQ14313,99998/-
IQ14313,99998/-
IQ14313,99998/-
IQ14313,99998/-
IQ14313,99998/-
IQ14313,99998/-
IQ14313,99998/-
IQ14313,99998/-
IQ14313,99998/-
IQ14313,99998/-
IQ14313,99998/-
IQ14313,99998/-
IQ14313,99998/-
IQ14313,99998/-
IQ14313,99998/-
IQ14313,99998/-
IQ14313,99998/-
IQ14313,99998/-
IQ14313,99998/-
IQ14313,99998/-
IQ14313,99998/-
IQ14313,99998/-
IQ14313,99998/-
IQ14313,99998/-
IQ14313,99998/-
IQ14313,99998/-
IQ14313,99998/-
IQ14313,99998/-
IQ14313,99998/-
IQ14313,99998/-
IQ14313,99998/-
IQ14313,99998/-
IQ14313,99998/-
IQ14313,99998/-
IQ14313,99998/-
IQ14313,99998/-
IQ14313,99998/-
IQ14313,99998/-
IQ14313,99998/-
IQ14313,99998/-
IQ14313,99998/-
IQ14313,99998/-
IQ14313,99998/-
IQ14313,99998/-
IQ14313,99998/-
IQ14313,99998/-
IQ14313,99998/-
IQ14313,99998/-
IQ14313,99998/-
IQ14313,99998/-
IQ14313,99998/-
IQ14313,99998/-
IQ14313,99998/-
IQ14313,99998/-
IQ14313,99998/-
IQ14313,99998/-
IQ14313,99998/-
IQ14313,99998/-
IQ14313,99998/-
IQ14313,99998/-
IQ14313,99998/-
IQ14313,99998/-
IQ14313,99998/-
IQ14313,99998/-
IQ14313,99998/-
IQ14313,99998/-
IQ14313,99998/-
IQ14313,99998/-
IQ14313,99998/-
IQ14313,99998/-
IQ14313,99998/-
IQ14313,99998/-
IQ14313,99998/-
IQ14313,99998/-
IQ14313,99998/-
IQ14313,99998/-
IQ14313,99998/-
IQ14313,99998/-
IQ14313,99998/-
IQ14313,99998/-
IQ14313,99998/-
IQ14313,99998/-
IQ14313,99998/-
IQ14313,99998/-
IQ14313,99998/-
IQ14313,99998/-
IQ14313,99998/-
IQ14313,99998/-
IQ14313,99998/-
IQ14313,99998/-
IQ14313,99998/-
IQ14313,99998/-
IQ14313,99998/-
IQ14313,99998/-
IQ14313,99998/-
IQ14313,99998/-
IQ14313,99998/-
IQ14313,99998/-
IQ14313,99998/-
IQ14313,99998/-
IQ14313,99998/-
IQ14313,99998/-
IQ14313,99998/-
IQ14313,99998/-
IQ14313,99998/-
IQ14313,99998/-
IQ14313,99998/-
IQ14313,99998/-
IQ14313,99998/-
IQ14313,99998/-
IQ14313,99998/-
IQ14313,99998/-
IQ14313,99998/-
IQ14313,99998/-
IQ14313,99998/-
IQ14313,99998/-
IQ14313,99998/-
IQ14313,99998/-
IQ14313,99998/-
IQ14313,99998/-
IQ14313,99998/-
IQ14313,99998/-
IQ14313,99998/-
IQ14313,99998/-
IQ14313,99998/-
IQ14313,99998/-
IQ14313,99998/-
IQ14313,99998/-
IQ14313,99998/-
IQ14313,99998/-
IQ14313,99998/-
IQ14313,99998/-
IQ14313,99998/-
IQ14313,99998/-
IQ14313,99998/-
IQ14313,99998/-
IQ14313,99998/-
IQ14313,99998/-
IQ14313,99998/-
IQ14313,99998/-
IQ14313,99998/-
IQ14313,99998/-
IQ14313,99998/-
IQ14313,99998/-
IQ14313,99998/-
IQ14313,99998/-
IQ14313,99998/-
IQ14313,99998/-
IQ14313,99998/-
IQ14313,99998/-
IQ14313,99998/-
IQ14313,99998/-
IQ14313,99998/-
IQ14313,99998/-
IQ14313,99998/-
IQ14313,99998/-
IQ14313,99998/-
IQ14313,99998/-
IQ14313,99998/-
IQ14313,99998/-
IQ14313,99998/-
IQ14313,99998/-
IQ14313,99998/-
IQ14313,99998/-
IQ14313,99998/-
IQ14313,99998/-
IQ14313,99998/-
IQ14313,99998/-
IQ14313,99998/-
IQ14313,99998/-
IQ14313,99998/-
IQ14313,99998/-
IQ14313,99998/-
IQ14313,99998/-
IQ14313,99998/-
IQ14313,99998/-
IQ14313,99998/-
IQ14313,99998/-
IQ14313,99998/-
IQ14313,99998/-
IQ14313,99998/-
IQ14313,99998/-
IQ14313,99998/-
IQ14313,99998/-
IQ14313,99998/-
IQ14313,99998/-
IQ14313,99998/-
IQ14313,99998/-
IQ14313,99998/-
IQ14313,99998/-
IQ14313,99998/-
IQ14313,99998/-
IQ14313,99998/-
IQ14313,99998/-
IQ14313,99998/-
IQ14313,99998/-
IQ14313,99998/-
IQ14313,99998/-
IQ14313,99998/-
IQ14313,99998/-
IQ14313,99998/-
IQ14313,99998/-
IQ14313,99998/-
IQ14313,99998/-
IQ14313,99998/-
IQ14313,99998/-
IQ14313,99998/-
IQ14313,99998/-
IQ14313,99998/-
IQ14313,99998/-
IQ14313,99998/-
IQ14313,99998/-
IQ14313,99998/-
IQ14313,99998/-
IQ14313,99998/-
IQ14313,99998/-
IQ14313,99998/-
IQ14313,99998/-
IQ14313,99998/-
IQ14313,99998/-
IQ14313,99998/-
IQ14313,99998/-
IQ14313,99998/-
IQ14313,99998/-
IQ14313,99998/-
IQ14313,99998/-
IQ14313,99998/-
IQ14313,99998/-
IQ14313,99998/-
IQ14313,99998/-
IQ14313,99998/-
IQ14313,99998/-
IQ14313,99998/-
IQ14313,99998/-
IQ14313,99998/-
IQ14313,99998/-
IQ14313,99998/-
IQ14313,99998/-
IQ14313,99998/-
IQ14313,99998/-
IQ14313,99998/-
IQ14313,99998/-
IQ14313,99998/-
IQ14313,99998/-
IQ14313,99998/-
IQ14313,99998/-
IQ14313,99998/-
IQ14313,99998/-
IQ14313,99998/-
IQ14313,99998/-
IQ14313,99998/-
IQ14313,99998/-
IQ14313,99998/-
IQ14313,99998/-
IQ14313,99998/-
IQ14313,99998/-
IQ14313,99998/-
IQ14313,99998/-
IQ14313,99998/-
IQ14313,99998/-
IQ14313,99998/-
IQ14313,99998/-
IQ14313,99998/-
IQ14313,99998/-
IQ14313,99998/-
IQ14313,99998/-
IQ14313,99998/-
IQ14313,99998/-
IQ14313,99998/-
IQ14313,99998/-
IQ14313,99998/-
IQ14313,99998/-
IQ14313,99998/-
IQ14313,99998/-
IQ14313,99998/-
IQ14313,99998/-
IQ14313,99998/-
IQ14313,99998/-
IQ14313,99998/-
IQ14313,99998/-
IQ14313,99998/-
IQ14313,99998/-
IQ14313,99998/-
IQ14313,99998/-
IQ14313,99998/-
IQ14313,99998/-
IQ14313,99998/-
IQ14313,99998/-
IQ14313,99998/-
IQ14313,99998/-
IQ14313,99998/-
IQ14313,99998/-
IQ14313,99998/-
IQ14313,99998/-
IQ14313,99998/-
IQ14313,99998/-
IQ14313,99998/-
IQ14313,99998/-
IQ14313,99998/-
IQ14313,99998/-
IQ14313,99998/-
IQ14313,99998/-
IQ14313,99998/-
IQ14313,99998/-
IQ14313,99998/-
IQ14313,99998/-
IQ14313,99998/-
IQ14313,99998/-
IQ14313,99998/-
IQ14313,99998/-
IQ14313,99998/-
IQ14313,99998/-
IQ14313,99998/-
IQ14313,99998/-
IQ14313,99998/-
IQ14313,99998/-
IQ14313,99998/-
IQ14313,99998/-
IQ14313,99998/-
IQ14313,99998/-
IQ14313,99998/-
IQ14313,99998/-
IQ14313,99998/-
IQ14313,99998/-
IQ14313,99998/-
IQ14313,99998/-
IQ14313,99998/-
IQ14313,99998/-
IQ14313,99998/-
IQ14313,99998/-
IQ14313,99998/-
IQ14313,99998/-
IQ14313,99998/-
IQ14313,99998/-
IQ14313,99998/-
IQ14313,99998/-
IQ14313,99998/-
IQ14313,99998/-
IQ14313,99998/-
IQ14313,99998/-
IQ14313,99998/-
IQ14313,99998/-
IQ14313,99998/-
IQ14313,99998/-
IQ14313,99998/-
IQ14313,99998/-
IQ14313,99998/-
IQ14313,99998/-
IQ14313,99998/-
IQ14313,99998/-
IQ14313,99998/-
IQ14313,99998/-
IQ14313,99998/-
IQ14313,99998/-
IQ14313,99998/-
IQ14313,99998/-
IQ14313,99998/-
IQ14313,99998/-
IQ14313,99998/-
IQ14313,99998/-
IQ14313,99998/-
IQ14313,99998/-
IQ14313,99998/-
IQ14313,99998/-
IQ14313,99998/-
IQ14313,99998/-
IQ14313,99998/-
IQ14313,99998/-
IQ14313,99998/-
IQ14313,99998/-
IQ14313,99998/-
IQ14313,99998/-
IQ14313,99998/-
IQ14313,99998/-
IQ14313,99998/-
IQ14313,99998/-
IQ14313,99998/-
IQ14313,99998/-
IQ14313,99998/-
IQ14313,99998/-
IQ14313,99998/-
IQ14313,99998/-
IQ14313,99998/-
IQ14313,99998/-
IQ14313,99998/-
IQ14313,99998/-
IQ14313,99998/-
IQ14313,99998/-
IQ14313,99998/-
IQ14313,99998/-
IQ14313,99998/-
IQ14313,99998/-
IQ14313,99998/-
IQ14313,99998/-
IQ14313,99998/-
IQ14313,99998/-
IQ14313,99998/-
IQ14313,99998/-
IQ14313,99998/-
IQ14313,99998/-
IQ14313,99998/-
IQ14313,99998/-
IQ14313,99998/-
IQ14313,99998/-
IQ14313,99998/-
IQ14313,99998/-
IQ14313,99998/-
IQ14313,99998/-
IQ14313,99998/-
IQ14313,99998/-
IQ14313,99998/-
IQ14313,99998/-
IQ14313,99998/-
IQ14313,99998/-
IQ14313,99998/-
IQ14313,99998/-
IQ14313,99998/-
IQ14313,99998/-
IQ14313,99998/-
IQ14313,99998/-
IQ14313,99998/-
IQ14313,99998/-
IQ14313,99998/-
IQ14313,99998/-
IQ14313,99998/-
IQ14313,99998/-
IQ14313,99998/-
IQ14313,99998/-
IQ14313,99998/-
IQ14313,99998/-
IQ14313,99998/-
IQ14313,99998/-
IQ14313,99998/-
IQ14313,99998/-
